Item A,Item B,Support,Confidence,Lift
ground beef,mineral water,0.04,0.40705563093622793,1.7084035993406321
olive oil,mineral water,0.026533333333333332,0.40365111561866124,1.6941149228539225
